variant,accuracy,avg_tools
Full SMART,56.666666666666664,3.033333333333333
No verification,46.666666666666664,1.7
No reconciliation,53.333333333333336,3.1
No Reflexion,56.666666666666664,3.1
